{
  "order": [
    2,
    1,
    2
  ],
  "mae_cm": 0.7338863444794358,
  "rmse_cm": 1.2424420529986044
}